Workbook

Sheet Instrucciones
B2: EVALUACION HEURISTICA DE USABILIDAD - NIELSEN
B3: Ingenieria de Software - Calidad y Pruebas - Plantilla de Evaluacion
B5: INSTRUCCIONES DE USO
B6: 1. Complete los datos del equipo evaluador en esta hoja.
B7: 2. Navegue por el MVP asignado durante al menos 20 minutos antes de evaluar.
B8: 3. Use la hoja 'Evaluacion' para registrar todos los problemas encontrados.
B9: 4. Para cada problema, asigne una severidad segun la escala de Nielsen (0 a 4).
B10: 5. Documente con capturas de pantalla o notas descriptivas en la columna Evidencia.
B11: 6. La hoja 'Resumen' se actualiza automaticamente al completar la evaluacion.
B12: 7. La hoja 'Referencia' contiene los principios y ejemplos para consulta.
B15: ESCALA DE SEVERIDAD (Nielsen, 1994)
B16: 0 | C16: No es un problema de usabilidad
B17: 1 | C17: Problema cosmético | corregir solo si hay tiempo
B18: 2 | C18: Problema menor | baja prioridad de correccion
B19: 3 | C19: Problema mayor | alta prioridad, dificulta el uso
B20: 4 | C20: CATASTROFICO | imperativo corregir antes del lanzamiento

Sheet Evaluacion
A1: REGISTRO DE PROBLEMAS DE USABILIDAD — EVALUACION HEURISTICA
A2: Complete una fila por cada problema encontrado. Puede agregar mas filas segun sea necesario.
A3: # | B3: Heuristica | C3: Descripcion del problema | D3: Ubicacion en el MVP | E3: Severidad (0-4) | F3: Evidencia (captura/URL) | G3: Recomendacion de mejora | H3: Evaluador
A4: 1 | B4: H5 - Prevencion de errores | C4: El sistema permite registrar correos electrónicos ya existentes. | D4: Pantalla Crear Usuario | E4: 3 | F4: https://docs.google.com/document/d/15VoiTwfEFQXAAJ391iAHDeQcLpgqRWpz7HaVQ934evE/edit?usp=sharing | G4: Validar la unicidad del correo antes de guardar el registro. | H4: Felipe Martínez/Vicente Chávez
A5: 2 | B5: H5 - Prevencion de errores | C5: El sistema permite registrar números telefónicos duplicados. | D5: Pantalla Crear Usuario | E5: 3 | F5: https://docs.google.com/document/d/15VoiTwfEFQXAAJ391iAHDeQcLpgqRWpz7HaVQ934evE/edit?usp=sharing | G5: Verificar que el número no exista previamente en la base de datos. | H5: Felipe Martínez/Vicente Chávez
A6: 3 | B6: H5 - Prevencion de errores | C6: Se permite asignar un propietario a un departamento que ya posee uno registrado. | D6: Pantalla Crear Usuario | E6: 4 | F6: https://docs.google.com/document/d/15VoiTwfEFQXAAJ391iAHDeQcLpgqRWpz7HaVQ934evE/edit?usp=sharing | G6: Restringir asignaciones duplicadas y mostrar mensaje de advertencia. | H6: Felipe Martínez/Vicente Chávez
A7: 4 | B7: H5 - Prevencion de errores | C7: Se permite asignar un arrendatario a un departamento que ya tiene arrendatario registrado. | D7: Pantalla Crear Usuario | E7: 4 | F7: https://docs.google.com/document/d/15VoiTwfEFQXAAJ391iAHDeQcLpgqRWpz7HaVQ934evE/edit?usp=sharing | G7: Validar disponibilidad del departamento antes de completar el registro. | H7: Felipe Martínez/Vicente Chávez
A8: 5 | B8: H5 - Prevencion de errores | C8: El sistema permite registrar usuarios con datos previamente existentes. | D8: Pantalla Crear Usuario | E8: 3 | F8: https://docs.google.com/document/d/15VoiTwfEFQXAAJ391iAHDeQcLpgqRWpz7HaVQ934evE/edit?usp=sharing | G8: Implementar controles de duplicidad para los datos principales del usuario. | H8: Felipe Martínez/Vicente Chávez
A9: 6 | B9: H5 - Prevencion de errores | C9: El formulario permite guardar registros con campos obligatorios vacíos. | D9: Pantalla Editar Residente | E9: 4 | F9: https://docs.google.com/document/d/15VoiTwfEFQXAAJ391iAHDeQcLpgqRWpz7HaVQ934evE/edit?usp=sharing | G9: Implementar validaciones obligatorias y resaltar los campos faltantes. | H9: Felipe Martínez/Vicente Chávez
A10: 7 | B10: H5 - Prevencion de errores | C10: Es posible configurar medios de notificación sin contar con la información requerida. | D10: Configuración de Notificaciones | E10: 3 | F10: https://docs.google.com/document/d/15VoiTwfEFQXAAJ391iAHDeQcLpgqRWpz7HaVQ934evE/edit?usp=sharing | G10: Solicitar los datos mínimos necesarios antes de habilitar la configuración. | H10: Felipe Martínez/Vicente Chávez
A11: 8 | B11: H3 - Control y libertad | C11: El usuario debe poder cancelar el registro y volver a la pantalla anterior sin guardar cambios. | D11: Pantalla Registro Usuario | E11: 2 | F11: https://docs.google.com/document/d/15VoiTwfEFQXAAJ391iAHDeQcLpgqRWpz7HaVQ934evE/edit?usp=sharing | G11: Incorporar botón "Cancelar" con retorno seguro y confirmación opcional. | H11: Felipe Martínez/Vicente Chávez
A12: 9 | B12: H1 - Visibilidad del estado | C12: El usuario requiere visualizar claramente el estado actualizado de sus solicitudes de mantenimiento. | D12: Módulo Solicitudes | E12: 2 | F12: https://docs.google.com/document/d/15VoiTwfEFQXAAJ391iAHDeQcLpgqRWpz7HaVQ934evE/edit?usp=sharing | G12: Mostrar estados visibles como Pendiente, En Proceso y Finalizada. | H12: Felipe Martínez/Vicente Chávez
A13: 10 | B13: H1 - Visibilidad del estado | C13: Las notificaciones deben ser visibles y actualizarse oportunamente para el usuario. | D13: Centro de Notificaciones | E13: 2 | F13: https://docs.google.com/document/d/15VoiTwfEFQXAAJ391iAHDeQcLpgqRWpz7HaVQ934evE/edit?usp=sharing | G13: Implementar alertas visuales y actualización automática de notificaciones. | H13: Felipe Martínez/Vicente Chávez
A14: 11 | B14: H1 - Visibilidad del estado | C14: El envío exitoso de una solicitud debe informar claramente el resultado de la acción. | D14: Nueva Solicitud de Mantenimiento | E14: 2 | F14: https://docs.google.com/document/d/15VoiTwfEFQXAAJ391iAHDeQcLpgqRWpz7HaVQ934evE/edit?usp=sharing | G14: Mostrar mensaje de confirmación indicando que la solicitud fue registrada correctamente. | H14: Felipe Martínez/Vicente Chávez
A15: 12
A16: 13
A17: 14
A18: 15
A19: 16
A20: 17
A21: 18
A22: 19
A23: 20
A24: 21
A25: 22
A26: 23
... A28: 25

Sheet Resumen
B1: RESUMEN EJECUTIVO EVALUACION HEURISTICA
B2: Los valores se calculan automaticamente desde la hoja Evaluacion
B4: METRICAS GLOBALES
B5: Total de problemas registrados | C5: =COUNTA(Evaluacion!C4:C28) -> 11
B6: Promedio de severidad | C6: =IFERROR(AVERAGE(Evaluacion!E4:E28),0) -> 2.9090909
B7: Problemas catastroficos (sev. 4) | C7: =COUNTIF(Evaluacion!E4:E28,4) -> 3
B8: Problemas mayores (sev. 3) | C8: =COUNTIF(Evaluacion!E4:E28,3) -> 4
B9: Problemas menores (sev. 1-2) | C9: =COUNTIFS(Evaluacion!E4:E28,">=1",Evaluacion!E4:E28,"<=2") -> 4
B11: DISTRIBUCION POR HEURISTICA
B12: Heuristica | C12: # Problemas | D12: Sev. Max. | E12: Sev. Prom. | F12: Estado | G12: Prioridad
B13: H1 - Visibilidad del estado | C13: =COUNTIF(Evaluacion!B4:B28,"*H1*") -> 3 | D13: =IFERROR(_xludf.MAXIFS(Evaluacion!E4:E28,Evaluacion!B4:B28,"*H1*"),0) -> 0 | E13: =IFERROR(AVERAGEIF(Evaluacion!B4:B28,"*H1*",Evaluacion!E4:E28),0) -> 2 | F13: =IF(C13=0,"Sin problemas",IF(D13>=4,"CRITICO",IF(D13>=3,"MAYOR","MENOR"))) -> MENOR | G13: =IF(C13=0,"Sin problemas",IF(D13=4,"1 - Inmediata",IF(D13=3,"2 - Alta",IF(D13=2,"3 - Media","4 - Baja")))) -> 4 - Baja
B14: H2 - Sistema y mundo real | C14: =COUNTIF(Evaluacion!B4:B28,"*H2*") -> 0 | D14: =IFERROR(_xludf.MAXIFS(Evaluacion!E4:E28,Evaluacion!B4:B28,"*H2*"),0) -> 0 | E14: =IFERROR(AVERAGEIF(Evaluacion!B4:B28,"*H2*",Evaluacion!E4:E28),0) -> 0 | F14: =IF(C14=0,"Sin problemas",IF(D14>=4,"CRITICO",IF(D14>=3,"MAYOR","MENOR"))) -> Sin problemas | G14: =IF(C14=0,"Sin problemas",IF(D14=4,"1 - Inmediata",IF(D14=3,"2 - Alta",IF(D14=2,"3 - Media","4 - Baja")))) -> Sin problemas
B15: H3 - Control y libertad | C15: =COUNTIF(Evaluacion!B4:B28,"*H3*") -> 1 | D15: =IFERROR(_xludf.MAXIFS(Evaluacion!E4:E28,Evaluacion!B4:B28,"*H3*"),0) -> 0 | E15: =IFERROR(AVERAGEIF(Evaluacion!B4:B28,"*H3*",Evaluacion!E4:E28),0) -> 2 | F15: =IF(C15=0,"Sin problemas",IF(D15>=4,"CRITICO",IF(D15>=3,"MAYOR","MENOR"))) -> MENOR | G15: =IF(C15=0,"Sin problemas",IF(D15=4,"1 - Inmediata",IF(D15=3,"2 - Alta",IF(D15=2,"3 - Media","4 - Baja")))) -> 4 - Baja
B16: H4 - Consistencia y estandares | C16: =COUNTIF(Evaluacion!B4:B28,"*H4*") -> 0 | D16: =IFERROR(_xludf.MAXIFS(Evaluacion!E4:E28,Evaluacion!B4:B28,"*H4*"),0) -> 0 | E16: =IFERROR(AVERAGEIF(Evaluacion!B4:B28,"*H4*",Evaluacion!E4:E28),0) -> 0 | F16: =IF(C16=0,"Sin problemas",IF(D16>=4,"CRITICO",IF(D16>=3,"MAYOR","MENOR"))) -> Sin problemas | G16: =IF(C16=0,"Sin problemas",IF(D16=4,"1 - Inmediata",IF(D16=3,"2 - Alta",IF(D16=2,"3 - Media","4 - Baja")))) -> Sin problemas
B17: H5 - Prevencion de errores | C17: =COUNTIF(Evaluacion!B4:B28,"*H5*") -> 7 | D17: =IFERROR(_xludf.MAXIFS(Evaluacion!E4:E28,Evaluacion!B4:B28,"*H5*"),0) -> 0 | E17: =IFERROR(AVERAGEIF(Evaluacion!B4:B28,"*H5*",Evaluacion!E4:E28),0) -> 3.4285714 | F17: =IF(C17=0,"Sin problemas",IF(D17>=4,"CRITICO",IF(D17>=3,"MAYOR","MENOR"))) -> MENOR | G17: =IF(C17=0,"Sin problemas",IF(D17=4,"1 - Inmediata",IF(D17=3,"2 - Alta",IF(D17=2,"3 - Media","4 - Baja")))) -> 4 - Baja
B18: H6 - Reconocimiento > recuerdo | C18: =COUNTIF(Evaluacion!B4:B28,"*H6*") -> 0 | D18: =IFERROR(_xludf.MAXIFS(Evaluacion!E4:E28,Evaluacion!B4:B28,"*H6*"),0) -> 0 | E18: =IFERROR(AVERAGEIF(Evaluacion!B4:B28,"*H6*",Evaluacion!E4:E28),0) -> 0 | F18: =IF(C18=0,"Sin problemas",IF(D18>=4,"CRITICO",IF(D18>=3,"MAYOR","MENOR"))) -> Sin problemas | G18: =IF(C18=0,"Sin problemas",IF(D18=4,"1 - Inmediata",IF(D18=3,"2 - Alta",IF(D18=2,"3 - Media","4 - Baja")))) -> Sin problemas
B19: H7 - Flexibilidad y eficiencia | C19: =COUNTIF(Evaluacion!B4:B28,"*H7*") -> 0 | D19: =IFERROR(_xludf.MAXIFS(Evaluacion!E4:E28,Evaluacion!B4:B28,"*H7*"),0) -> 0 | E19: =IFERROR(AVERAGEIF(Evaluacion!B4:B28,"*H7*",Evaluacion!E4:E28),0) -> 0 | F19: =IF(C19=0,"Sin problemas",IF(D19>=4,"CRITICO",IF(D19>=3,"MAYOR","MENOR"))) -> Sin problemas | G19: =IF(C19=0,"Sin problemas",IF(D19=4,"1 - Inmediata",IF(D19=3,"2 - Alta",IF(D19=2,"3 - Media","4 - Baja")))) -> Sin problemas
B20: H8 - Diseno minimalista | C20: =COUNTIF(Evaluacion!B4:B28,"*H8*") -> 0 | D20: =IFERROR(_xludf.MAXIFS(Evaluacion!E4:E28,Evaluacion!B4:B28,"*H8*"),0) -> 0 | E20: =IFERROR(AVERAGEIF(Evaluacion!B4:B28,"*H8*",Evaluacion!E4:E28),0) -> 0 | F20: =IF(C20=0,"Sin problemas",IF(D20>=4,"CRITICO",IF(D20>=3,"MAYOR","MENOR"))) -> Sin problemas | G20: =IF(C20=0,"Sin problemas",IF(D20=4,"1 - Inmediata",IF(D20=3,"2 - Alta",IF(D20=2,"3 - Media","4 - Baja")))) -> Sin problemas
B21: H9 - Recuperacion de errores | C21: =COUNTIF(Evaluacion!B4:B28,"*H9*") -> 0 | D21: =IFERROR(_xludf.MAXIFS(Evaluacion!E4:E28,Evaluacion!B4:B28,"*H9*"),0) -> 0 | E21: =IFERROR(AVERAGEIF(Evaluacion!B4:B28,"*H9*",Evaluacion!E4:E28),0) -> 0 | F21: =IF(C21=0,"Sin problemas",IF(D21>=4,"CRITICO",IF(D21>=3,"MAYOR","MENOR"))) -> Sin problemas | G21: =IF(C21=0,"Sin problemas",IF(D21=4,"1 - Inmediata",IF(D21=3,"2 - Alta",IF(D21=2,"3 - Media","4 - Baja")))) -> Sin problemas
B22: H10 - Ayuda y documentacion | C22: =COUNTIF(Evaluacion!B4:B28,"*H10*") -> 0 | D22: =IFERROR(_xludf.MAXIFS(Evaluacion!E4:E28,Evaluacion!B4:B28,"*H10*"),0) -> 0 | E22: =IFERROR(AVERAGEIF(Evaluacion!B4:B28,"*H10*",Evaluacion!E4:E28),0) -> 0 | F22: =IF(C22=0,"Sin problemas",IF(D22>=4,"CRITICO",IF(D22>=3,"MAYOR","MENOR"))) -> Sin problemas | G22: =IF(C22=0,"Sin problemas",IF(D22=4,"1 - Inmediata",IF(D22=3,"2 - Alta",IF(D22=2,"3 - Media","4 - Baja")))) -> Sin problemas

Sheet Referencia
B1: REFERENCIA RAPIDA — 10 HEURISTICAS DE NIELSEN
B2: Consulta este panel mientras evaluas el MVP. Los ejemplos son orientativos para sistemas web/movil.
B3: # | C3: Heuristica | D3: Descripcion del principio | E3: Ejemplo en MVP (buena practica) | F3: Señal de problema a registrar
B4: H1 | C4: Visibilidad del estado | D4: El sistema mantiene informado al usuario sobre lo que ocurre mediante feedback oportuno. | E4: Barra de progreso al subir archivos. Spinner de carga. Toast de confirmacion al guardar datos. | F4: Boton que no responde visualmente. Sin indicador de carga. Usuario no sabe si la accion funciono.
B5: H2 | C5: Sistema y mundo real | D5: El sistema usa el lenguaje del usuario: palabras y conceptos familiares, no tecnicos. | E5: Icono de carrito para compras. 'Papelera' para eliminar. Fechas en formato dd/mm/aaaa. | F5: Mensajes tecnicos: 'Error 403 Forbidden'. Terminos internos del sistema expuestos al usuario.
B6: H3 | C6: Control y libertad | D6: El usuario puede salir de acciones no deseadas con salidas de emergencia claras. | E6: Opcion Deshacer al eliminar elemento. Boton Cancelar en formularios. Navegacion por pasos reversible. | F6: Sin forma de cancelar un proceso. Formulario sin boton Atras. Sin opcion de deshacer eliminacion.
B7: H4 | C7: Consistencia y estandares | D7: Las mismas acciones y elementos se comportan igual en todo el sistema. | E7: Boton primario mismo color en todo el sistema. Color rojo siempre indica error. Campos en mismo orden. | F7: Guardar, Registrar y Confirmar para la misma accion. Botones de distinto color por modulo.
B8: H5 | C8: Prevencion de errores | D8: El diseño evita que los errores ocurran antes de que el usuario los cometa. | E8: Campo deshabilitado si falta informacion. Confirmacion antes de eliminar. Validacion en tiempo real. | F8: Fecha 30/02 se acepta sin validar. Boton Enviar activo con campos requeridos vacios.
B9: H6 | C9: Reconocimiento > recuerdo | D9: Minimizar la carga de memoria: las opciones disponibles deben ser visibles, no memorizadas. | E9: Autocompletado en busquedas. Historial de elementos recientes. Breadcrumbs de navegacion. | F9: Usuario debe recordar sintaxis exacta. Formulario borra datos al navegar hacia atras.
B10: H7 | C10: Flexibilidad y eficiencia | D10: Atajos para expertos sin afectar la experiencia de usuarios nuevos. | E10: Atajos de teclado Ctrl+N. Filtros guardados. Exportacion masiva de datos con un clic. | F10: Solo se puede registrar de uno en uno. No hay forma de repetir la ultima accion ejecutada.
B11: H8 | C11: Diseño minimalista | D11: Solo la informacion necesaria: los elementos irrelevantes compiten por la atencion del usuario. | E11: Dashboard con 3 a 5 metricas clave. Formulario en pasos, no todo en una pantalla. | F11: 20 botones visibles simultaneamente. Panel con informacion que nunca se usa en el flujo principal.
B12: H9 | C12: Recuperacion de errores | D12: Los mensajes de error son claros, indican el problema exacto y sugieren una solucion concreta. | E12: 'El correo no tiene formato valido (ej: usuario@dominio.com)'. Enlace directo a solucion del error. | F12: 'Error 500'. 'Operacion fallida'. Mensaje generico sin indicar que hacer para resolverlo.
B13: H10 | C13: Ayuda y documentacion | D13: La ayuda es facil de encontrar, orientada a tareas concretas y accesible desde el flujo. | E13: Tooltip contextual en campos complejos. Guia de inicio rapido. FAQ con buscador integrado. | F13: Manual PDF de 80 paginas sin buscador. Ayuda solo accesible desde el menu principal oculto.

Sheet Hoja 1
A1: H1 - Visibilidad del estado
A2: H2 - Sistema y mundo real
A3: H3 - Control y libertad
A4: H4 - Consistencia y estandares
A5: H5 - Prevencion de errores
A6: H6 - Reconocimiento > recuerdo
A7: H7 - Flexibilidad y eficiencia
A8: H8 - Diseño minimalista
A9: H9 - Recuperacion de errores
A10: H10 - Ayuda y documentacion
